Uniq ID No.,Name,Affiliation,Place,image_path,mobileno,Country
18210015 Janki,ACHARYA  JANKI  HEMANSHU,L.J.,Ahmedabad,C:\\Temp\\hackdata\\photos\\,9994567891,India
18210036 Harshil,AMIN HARSHIL RAJESH,L.J.,Ahmedabad,C:\\Temp\\hackdata\\photos\\,9994567891,India
18210073 Urvish,BHADANI URVISH DAKUBHAI,L.J.,Ahmedabad,C:\\Temp\\hackdata\\photos\\,9994567891,India
18210030 Dhara,BHANDERI  DHARA  MAHESHBHAI,L.J.,Ahmedabad,C:\\Temp\\hackdata\\photos\\,9994567891,India
18210092 Ronak,BOKDE  RONAK DASHRATHBHAI,L.J.,Ahmedabad,C:\\Temp\\hackdata\\photos\\,9994567891,India
18210064 Tulsiben,BRAHMBHATT TULSIBEN RAJESHBHAIO,L.J.,Ahmedabad,C:\\Temp\\hackdata\\photos\\,9994567891,India
18210042 Aditya,CHANDA  ADITYA  RATINDRA,L.J.,Ahmedabad,C:\\Temp\\hackdata\\photos\\,9994567891,India
18210057 Jainam,CHAPANERI  JAINAM  BHAVINKUMAR,L.J.,Ahmedabad,C:\\Temp\\hackdata\\photos\\,9994567891,India
18210020 Sahab,CHAUS  SAHAB  SOYELBHAI,L.J.,Ahmedabad,C:\\Temp\\hackdata\\photos\\,9994567891,India
18210109 Divyarajsinh,CHAVDA DIVYARAJSINH DIVANSINH,L.J.,Ahmedabad,C:\\Temp\\hackdata\\photos\\,9994567891,India
18210005 Bhautik,CHODVADIYA  BHAUTIK RAJESHBHAI,L.J.,Ahmedabad,C:\\Temp\\hackdata\\photos\\,9994567891,India
18210006 Darshak,CHODVADIYA DARSHAK  MAHENDRABHAI,L.J.,Ahmedabad,C:\\Temp\\hackdata\\photos\\,9994567891,India
18210017 Khanjan,DADHANIYA  KHANJAN  ASHVINBHAI,L.J.,Ahmedabad,C:\\Temp\\hackdata\\photos\\,9994567891,India
18210028 Faizan,DIWAN  FAIZANMAHAMMED,L.J.,Ahmedabad,C:\\Temp\\hackdata\\photos\\,9994567891,India
18210014 Shruti,DOBARIYA  SHRUTI  BHAVESHBHAI,L.J.,Ahmedabad,C:\\Temp\\hackdata\\photos\\,9994567891,India
18210110 Hitarth,GOHEL HITARTH PARESHBHAI,L.J.,Ahmedabad,C:\\Temp\\hackdata\\photos\\,9994567891,India
18210096 Hitesh,HITESHKUMAR SUTHAR,L.J.,Ahmedabad,C:\\Temp\\hackdata\\photos\\,9994567891,India
18210009 Sakib,KHATKI SAKIB HANIFBHAI,L.J.,Ahmedabad,C:\\Temp\\hackdata\\photos\\,9994567891,India
18210037 Prince,KHUNT  PRINCE  DINESHBHAI,L.J.,Ahmedabad,C:\\Temp\\hackdata\\photos\\,9994567891,India
18210052 Vatsal,LADOLA  VATSAL  VISHALBHAI,L.J.,Ahmedabad,C:\\Temp\\hackdata\\photos\\,9994567891,India
18210098 Fardeen,LAKHANI  FARDEEN  SAJIDBHAI,L.J.,Ahmedabad,C:\\Temp\\hackdata\\photos\\,9994567891,India
18210071 Keval,LATHIYA KEVAL CHANDUBHAI,L.J.,Ahmedabad,C:\\Temp\\hackdata\\photos\\,9994567891,India
18210072 Dhruvik,MORADIYA DHRUVIKKUMAR ARVINDBHAI,L.J.,Ahmedabad,C:\\Temp\\hackdata\\photos\\,9994567891,India
18210016 Tapan,PADALIYA  TAPAN  BHAVESHBHAI,L.J.,Ahmedabad,C:\\Temp\\hackdata\\photos\\,9994567891,India
18210032 Bansariben,PATEL  BANSARIBEN  BHARATKUMAR,L.J.,Ahmedabad,C:\\Temp\\hackdata\\photos\\,9994567891,India
18210033 Dipali,PATEL  DIPALI  DILIPBHAI,L.J.,Ahmedabad,C:\\Temp\\hackdata\\photos\\,9994567891,India
18210013 Neel,PATEL  NEEL  HARSHADBHAI,L.J.,Ahmedabad,C:\\Temp\\hackdata\\photos\\,9994567891,India
18210101 Ayush,PATEL AYUSH MANISH,L.J.,Ahmedabad,C:\\Temp\\hackdata\\photos\\,9994567891,India
18210104 Ishan,PATEL ISHAN ALPESHBHAI,L.J.,Ahmedabad,C:\\Temp\\hackdata\\photos\\,9994567891,India
18210077 Maulik,PATEL MAULIK SHANKARBHAI,L.J.,Ahmedabad,C:\\Temp\\hackdata\\photos\\,9994567891,India
18210086 Saalim,PATEL SAALIM  IDRIS,L.J.,Ahmedabad,C:\\Temp\\hackdata\\photos\\,9994567891,India
18210044 Vishal,PATEL VISHAL GAUTAMBHAI,L.J.,Ahmedabad,C:\\Temp\\hackdata\\photos\\,9994567891,India
18210088 Dhrumil,PITALIYA  DHRUMIL  ATUL,L.J.,Ahmedabad,C:\\Temp\\hackdata\\photos\\,9994567891,India
18210002 Keyur,PRAJAPATI  KEYUR  RAJUBHAI,L.J.,Ahmedabad,C:\\Temp\\hackdata\\photos\\,9994567891,India
18210053 Vaidik,RAMANI  VAIDIK  KALUBHAI,L.J.,Ahmedabad,C:\\Temp\\hackdata\\photos\\,9994567891,India
18210007 Aayush,SHAH AAYUSH  NIRLEPBHAI,L.J.,Ahmedabad,C:\\Temp\\hackdata\\photos\\,9994567891,India
18210008 Akshat,SHAH AKSHAT  MANISHKUMAR,L.J.,Ahmedabad,C:\\Temp\\hackdata\\photos\\,9994567891,India
18210102 Dhyanvi,SHAH DHYANVI RAKESHBHAI,L.J.,Ahmedabad,C:\\Temp\\hackdata\\photos\\,9994567891,India
18210056 Janvi,BHATT  JANVI  ANILKUMAR,L.J.,Ahmedabad,C:\\Temp\\hackdata\\photos\\,9994567891,India
18210106 Kevin,SHAH KEVIN APURVA,L.J.,Ahmedabad,C:\\Temp\\hackdata\\photos\\,9994567891,India
18210024 Devvrat,SHUKLA  DEV VRAT  RAJESH,L.J.,Ahmedabad,C:\\Temp\\hackdata\\photos\\,9994567891,India
18210084 Het,THAKKAR HET NIRAJBHAI,L.J.,Ahmedabad,C:\\Temp\\hackdata\\photos\\,9994567891,India
18210045 Neel,THAKKAR NEEL JIGNESHKUMAR,L.J.,Ahmedabad,C:\\Temp\\hackdata\\photos\\,9994567891,India
18210112 Kartikkumar,TRIVEDI KARTIKKUMAR PRATIKBHAI,L.J.,Ahmedabad,C:\\Temp\\hackdata\\photos\\,9994567891,India
18210061 Dev,JOSHI  DEV  ANANDBHAI,L.J.,Ahmedabad,C:\\Temp\\hackdata\\photos\\,9994567891,India
18210119 Swapnil,PARMAR SWAPNIL MANUBHAI,L.J.,Ahmedabad,C:\\Temp\\hackdata\\photos\\,9994567891,India
