Input Date,Event Name,Goup Name,Disaply Confirmation,Logo Path,Host Name,Event Duration,Volunteer Icon Path
Sat Mar 09 12:06:10 IST 2019sdsd,All,true,s,sd,sd,sd
Sat Mar 09 12:08:55 IST 2019,dasd,All,true,sd,fdf,sdsd,ssd
09-03-2019 12:12:38.597,sd,All,true,sdd,dsadsaf,fdf,dsfsdf
09-03-2019 12:13:46,dfsdf,All,true,asdsa,sadsa,sdsa,sadasd
09-03-2019 12:14:32,sadasd,Coordinator,true,dsd,sd,asd,asd
09-03-2019 12:16:39,sd4,Organizer,Y,asdsad,asdasd,asd,asd
09-03-2019 13:09:26,eefwer,Organizer,Y,sdf,sdf,dfsd,dfsdf
09-03-2019 13:25:18,Test,Organizer,Y,dfsdf,dfsdf,dfsd,sdf
09-03-2019 13:26:20,TestName,All,Y,ds,sd,sd,sd
09-03-2019 13:27:58,sdasd,Volunteer,Y,sadsa,asdas,dsd,ds
09-03-2019 13:28:48,sdf,Participant,Y,asd,sad,sdd,sad
09-03-2019 13:29:23,sdf,Volunteer,Y,as,sad,asd,sd
09-03-2019 13:30:36,sdsad,All,Y,sad,sad,asd,sad
09-03-2019 13:32:39,sad,Participant,Y,sad,asdd,sad,sd
09-03-2019 13:35:00,asd,Volunteer,Y,ds,sad,asd,asd
09-03-2019 13:55:34,sdsaf,Volunteer,Y,sad,asd,asd,sd
09-03-2019 13:57:27,sdasd,Participant,Y,sadsad,sdsa,asd,asd
09-03-2019 13:59:09,wewe,All,Y,asdasd,asd,sd,sad
09-03-2019 14:17:19,HackathonEvent,All,Y,c:\logo,IIM,5,Hours
09-03-2019 14:19:35,HackathonEvent,All,Y,c:\logo,IIM,5,Hours
09-03-2019 14:22:10,Sciphoria,All,Y,c:\logo,Sciformix,5,Hours
09-03-2019 14:24:53,Sciphoria,All,Y,c:\logo,Sciformix,5,Hours
09-03-2019 14:27:42,dsfsdf,Volunteer,Y,asd,sd,,5
09-03-2019 14:28:03,event,Volunteer,Y,sad,sad,,sd
09-03-2019 14:28:56,dssad,Volunteer,Y,asd,sad,sdHours,sd
09-03-2019 14:32:55,Sciphormia,All,Y,c:\logo,Sciformi,5Hours,Hours
09-03-2019 14:37:22,dsad,All,Y,sad,asd,5Hours,hours
09-03-2019 14:39:08,sad,Volunteer,Y,logo,sad,5 Hours,path
09-03-2019 14:49:04,Sciphormia,All,Y,c:\\logo,Sciformix,5 Hours,C:\\icon