Uniq ID No.,Name,Affiliation,Place,image_path,mobileno,Country
18210092 Ronak,BOKDE  RONAK DASHRATHBHAI,L.J.,Ahmedabad,C:\\Temp\\hackdata\\photos\\,9994567891,India
18210064 Tulsiben,BRAHMBHATT TULSIBEN RAJESHBHAIO,L.J.,Ahmedabad,C:\\Temp\\hackdata\\photos\\,9994567891,India
18210042 Aditya,CHANDA  ADITYA  RATINDRA,L.J.,Ahmedabad,C:\\Temp\\hackdata\\photos\\,9994567891,India
18210057 Jainam,CHAPANERI  JAINAM  BHAVINKUMAR,L.J.,Ahmedabad,C:\\Temp\\hackdata\\photos\\,9994567891,India
18210020 Sahab,CHAUS  SAHAB  SOYELBHAI,L.J.,Ahmedabad,C:\\Temp\\hackdata\\photos\\,9994567891,India