Uniq ID No.,Name,Affiliation,Place,image_path,mobileno,Country
18210109 Divyarajsinh,CHAVDA DIVYARAJSINH DIVANSINH,L.J.,Ahmedabad,C:\\Temp\\hackdata\\photos\\,9994567891,India
18210005 Bhautik,CHODVADIYA  BHAUTIK RAJESHBHAI,L.J.,Ahmedabad,C:\\Temp\\hackdata\\photos\\,9994567891,India
18210006 Darshak,CHODVADIYA DARSHAK  MAHENDRABHAI,L.J.,Ahmedabad,C:\\Temp\\hackdata\\photos\\,9994567891,India
18210017 Khanjan,DADHANIYA  KHANJAN  ASHVINBHAI,L.J.,Ahmedabad,C:\\Temp\\hackdata\\photos\\,9994567891,India
18210028 Faizan,DIWAN  FAIZANMAHAMMED,L.J.,Ahmedabad,C:\\Temp\\hackdata\\photos\\,9994567891,India