Uniq ID No.,Name,Affiliation,Place,image_path,mobileno,Country
18210014 Shruti,DOBARIYA  SHRUTI  BHAVESHBHAI,L.J.,Ahmedabad,C:\\Temp\\hackdata\\photos\\,9994567891,India
18210110 Hitarth,GOHEL HITARTH PARESHBHAI,L.J.,Ahmedabad,C:\\Temp\\hackdata\\photos\\,9994567891,India
18210096 Hitesh,HITESHKUMAR SUTHAR,L.J.,Ahmedabad,C:\\Temp\\hackdata\\photos\\,9994567891,India
18210009 Sakib,KHATKI SAKIB HANIFBHAI,L.J.,Ahmedabad,C:\\Temp\\hackdata\\photos\\,9994567891,India
18210037 Prince,KHUNT  PRINCE  DINESHBHAI,L.J.,Ahmedabad,C:\\Temp\\hackdata\\photos\\,9994567891,India
18210052 Vatsal,LADOLA  VATSAL  VISHALBHAI,L.J.,Ahmedabad,C:\\Temp\\hackdata\\photos\\,9994567891,India
18210098 Fardeen,LAKHANI  FARDEEN  SAJIDBHAI,L.J.,Ahmedabad,C:\\Temp\\hackdata\\photos\\,9994567891,India
18210071 Keval,LATHIYA KEVAL CHANDUBHAI,L.J.,Ahmedabad,C:\\Temp\\hackdata\\photos\\,9994567891,India
18210072 Dhruvik,MORADIYA DHRUVIKKUMAR ARVINDBHAI,L.J.,Ahmedabad,C:\\Temp\\hackdata\\photos\\,9994567891,India
18210016 Tapan,PADALIYA  TAPAN  BHAVESHBHAI,L.J.,Ahmedabad,C:\\Temp\\hackdata\\photos\\,9994567891,India
18210032 Bansariben,PATEL  BANSARIBEN  BHARATKUMAR,L.J.,Ahmedabad,C:\\Temp\\hackdata\\photos\\,9994567891,India
18210033 Dipali,PATEL  DIPALI  DILIPBHAI,L.J.,Ahmedabad,C:\\Temp\\hackdata\\photos\\,9994567891,India
18210013 Neel,PATEL  NEEL  HARSHADBHAI,L.J.,Ahmedabad,C:\\Temp\\hackdata\\photos\\,9994567891,India
18210101 Ayush,PATEL AYUSH MANISH,L.J.,Ahmedabad,C:\\Temp\\hackdata\\photos\\,9994567891,India
18210104 Ishan,PATEL ISHAN ALPESHBHAI,L.J.,Ahmedabad,C:\\Temp\\hackdata\\photos\\,9994567891,India
18210077 Maulik,PATEL MAULIK SHANKARBHAI,L.J.,Ahmedabad,C:\\Temp\\hackdata\\photos\\,9994567891,India
18210086 Saalim,PATEL SAALIM  IDRIS,L.J.,Ahmedabad,C:\\Temp\\hackdata\\photos\\,9994567891,India
18210044 Vishal,PATEL VISHAL GAUTAMBHAI,L.J.,Ahmedabad,C:\\Temp\\hackdata\\photos\\,9994567891,India
18210088 Dhrumil,PITALIYA  DHRUMIL  ATUL,L.J.,Ahmedabad,C:\\Temp\\hackdata\\photos\\,9994567891,India
18210002 Keyur,PRAJAPATI  KEYUR  RAJUBHAI,L.J.,Ahmedabad,C:\\Temp\\hackdata\\photos\\,9994567891,India
18210053 Vaidik,RAMANI  VAIDIK  KALUBHAI,L.J.,Ahmedabad,C:\\Temp\\hackdata\\photos\\,9994567891,India
18210007 Aayush,SHAH AAYUSH  NIRLEPBHAI,L.J.,Ahmedabad,C:\\Temp\\hackdata\\photos\\,9994567891,India
18210008 Akshat,SHAH AKSHAT  MANISHKUMAR,L.J.,Ahmedabad,C:\\Temp\\hackdata\\photos\\,9994567891,India
18210102 Dhyanvi,SHAH DHYANVI RAKESHBHAI,L.J.,Ahmedabad,C:\\Temp\\hackdata\\photos\\,9994567891,India
18210056 Janvi,BHATT  JANVI  ANILKUMAR,L.J.,Ahmedabad,C:\\Temp\\hackdata\\photos\\,9994567891,India
18210106 Kevin,SHAH KEVIN APURVA,L.J.,Ahmedabad,C:\\Temp\\hackdata\\photos\\,9994567891,India
18210024 Devvrat,SHUKLA  DEV VRAT  RAJESH,L.J.,Ahmedabad,C:\\Temp\\hackdata\\photos\\,9994567891,India
18210084 Het,THAKKAR HET NIRAJBHAI,L.J.,Ahmedabad,C:\\Temp\\hackdata\\photos\\,9994567891,India
18210045 Neel,THAKKAR NEEL JIGNESHKUMAR,L.J.,Ahmedabad,C:\\Temp\\hackdata\\photos\\,9994567891,India
18210112 Kartikkumar,TRIVEDI KARTIKKUMAR PRATIKBHAI,L.J.,Ahmedabad,C:\\Temp\\hackdata\\photos\\,9994567891,India
18210061 Dev,JOSHI  DEV  ANANDBHAI,L.J.,Ahmedabad,C:\\Temp\\hackdata\\photos\\,9994567891,India
18210119 Swapnil,PARMAR SWAPNIL MANUBHAI,L.J.,Ahmedabad,C:\\Temp\\hackdata\\photos\\,9994567891,India